field,title,imagelink
1,2025 ISMAR in Daejeon,2025_ismar.jpg
1,2025 MICCAI in Daejeon,2025_miccai.jpg
1,2025 Invitation Talks with USYD & SJTU,USYD.png
2,2025 Summer Workshop in Yangyang,2025_summer_workshop.jpg
1,2024 Siggraph Asia Conference in Japan,2024_siggraphasia.jpg
1,2024 Autumn Workshop in SokCho,2024_autumn_workshop.jpg
1,2024 Korea Computer Graphics Society,2024_graphics.png
1,2024 Summer Graduation,2024_summer_graduate.png
2,2024 Teachers Day,2024_teachers_day.jpg
2,2024 Winter Graduation with Corona,2024_winter_graduate_withcorona.jpg
1,2024 Winter Graduation,2024_winter_graduate.jpg
2,2024 Winter Workship in Icheon,2024_winter_workshop.jpg
2,2024 Younhyun Wedding Day,2024_wedding_day.jpg
2,2023 Year-end Party,2023_year-end party.jpg
2,Monster Lover,2023_drug.jpg
1,2023 VR Semina,2023_VR_semina.jpg
2,2023 Halloween,2023_halloween.jpg
1,2023 CGI in Shanghai,2023_CGI.jpg
1,2023 Summer Workshop in Yangyang,2023_summer_workshop.jpg
1,2023 Winter Graduation,2023_winter_graduate.jpg
2,2022 Winter Workshop in Hongcheon,2022_winter_workship.jpg
1,2022 Siggraph Asia in Deagu,2022_siggraph_asia.jpg
2,2022 Summer Workship in Gapyeong,2022_summer_workshop.jpg
1,2022 Winter Graduation,2022_winter_graduate.jpg
2,FIRE~,2021_winter_workshop_fire.jpg
1,2021 winter Workshop in Jecheon,2021_winter_workshop.PNG
1,2021 Semina in Song-do,2021_songdo_semina.jpg
1,2021 Summer Workshop in Yangyang,2021_summer_workshop.jpg
